<?xml version="1.0" encoding="utf-8"?>
<algorithm-settings>
    <preprocessing name="preprocessing">
        <scene name="off" default="true">
            <device input="*" output="*" default="true">
                <algorithm name="HDR">
                    <parameter key="Enable" value="false"/>
                    <parameter key="MainMicGainMindB" value="0"/>
                    <parameter key="MainMicGainMaxdB" value="36"/>
                    <parameter key="MainMicGainInitdB" value="32"/>
                    <parameter key="MainMicGainStepdB" value="2"/>
                    <parameter key="MainMicAttackTime" value="20"/>
                    <parameter key="MainMicReleaseTime" value="1300"/>
                    <parameter key="MainMicHdrFlag" value="1"/>
                    <parameter key="MainMicRecordMode" value="1"/>
                    <parameter key="SubMicGainMindB" value="0"/>
                    <parameter key="SubMicGainMaxdB" value="36"/>
                    <parameter key="SubMicGainInitdB" value="32"/>
                    <parameter key="SubMicGainStepdB" value="2"/>
                    <parameter key="SubMicAttackTime" value="20"/>
                    <parameter key="SubMicReleaseTime" value="1300"/>
                    <parameter key="SubMicHdrFlag" value="1"/>
                    <parameter key="SubMicRecordMode" value="1"/>
                </algorithm>
                <algorithm name="DR">
                    <parameter key="Enable" value="false"/>
                    <parameter key="MicDistance" value="160,30,150"/>
                </algorithm>
                <algorithm name="LDR">
                    <parameter key="Enable" value="false"/>
                    <parameter key="MainMicTargetLev" value="-3"/>
                    <parameter key="MainMicNoiseFloor" value="-40"/>
                    <parameter key="MainMicMaxGain" value="15"/>
                    <parameter key="MainMicMinGain" value="-40"/>
                    <parameter key="MainMicAdjustSpd" value="5"/>
                    <parameter key="MainMicImproveSNR" value="0"/>
                    <parameter key="MainMicBackGrdLev" value="-40"/>
                    <parameter key="MainMicSuppressRange" value="0"/>
                    <parameter key="MainMicUseHPFilter" value="2"/>
                    <parameter key="MainMicOutputMode" value="0"/>
                    <parameter key="SubMicTargetLev" value="-3"/>
                    <parameter key="SubMicNoiseFloor" value="-40"/>
                    <parameter key="SubMicMaxGain" value="15"/>
                    <parameter key="SubMicMinGain" value="-40"/>
                    <parameter key="SubMicAdjustSpd" value="5"/>
                    <parameter key="SubMicImproveSNR" value="0"/>
                    <parameter key="SubMicBackGrdLev" value="-40"/>
                    <parameter key="SubMicSuppressRange" value="0"/>
                    <parameter key="SubMicUseHPFilter" value="2"/>
                    <parameter key="SubMicOutputMode" value="0"/>
                </algorithm>
                <algorithm name="RNR">
                    <parameter key="Enable" value="true" />
                    <parameter key="NoiseReduceMode" value="0" />
                    <parameter key="MaxNoiseReduceLevel" value="13" />
                    <parameter key="UseHighPassFilt" value="1" />
                    <parameter key="NoiseThreshold" value="-40" />
                    <parameter key="EnableNoiseBurst" value="1" />
                    <parameter key="VadThreshold" value="50" />
                </algorithm>
                <algorithm name="WNR">
                    <parameter key="Enable" value="false"/>
                    <parameter key="Mode" value="1"/>
                </algorithm>
                <algorithm name="STEREOENHANCEMENT">
                    <parameter key="Enable" value="false"/>
                    <parameter key="HPEhanceEnable" value="true"/>
                    <parameter key="HPGain" value="0.8"/>
                    <parameter key="MicDistance" value="139"/>
                    <parameter key="LeftChannelDelay" value="0"/>
                    <parameter key="RightChannelDelay" value="0"/>
                    <parameter key="MicChannelExchange" value="false"/>
                </algorithm>
            </device>
        </scene>
        <scene name="normal">
            <device input="in_builtin_mic" output="*">
                <algorithm name="HDR">
                    <parameter key="Enable" value="true"/>
                    <parameter key="MainMicGainMindB" value="0"/>
                    <parameter key="MainMicGainMaxdB" value="36"/>
                    <parameter key="MainMicGainInitdB" value="32"/>
                    <parameter key="MainMicGainStepdB" value="2"/>
                    <parameter key="MainMicAttackTime" value="20"/>
                    <parameter key="MainMicReleaseTime" value="1300"/>
                    <parameter key="MainMicHdrFlag" value="1"/>
                    <parameter key="MainMicRecordMode" value="1"/>
                    <parameter key="SubMicGainMindB" value="0"/>
                    <parameter key="SubMicGainMaxdB" value="36"/>
                    <parameter key="SubMicGainInitdB" value="32"/>
                    <parameter key="SubMicGainStepdB" value="2"/>
                    <parameter key="SubMicAttackTime" value="20"/>
                    <parameter key="SubMicReleaseTime" value="1300"/>
                    <parameter key="SubMicHdrFlag" value="1"/>
                    <parameter key="SubMicRecordMode" value="1"/>
                </algorithm>
                <algorithm name="DR">
                    <parameter key="Enable" value="false"/>
                    <parameter key="MicDistance" value="160,30,150"/>
                </algorithm>
                <algorithm name="LDR">
                    <parameter key="Enable" value="false"/>
                    <parameter key="MainMicTargetLev" value="-3"/>
                    <parameter key="MainMicNoiseFloor" value="-40"/>
                    <parameter key="MainMicMaxGain" value="15"/>
                    <parameter key="MainMicMinGain" value="-40"/>
                    <parameter key="MainMicAdjustSpd" value="5"/>
                    <parameter key="MainMicImproveSNR" value="0"/>
                    <parameter key="MainMicBackGrdLev" value="-40"/>
                    <parameter key="MainMicSuppressRange" value="0"/>
                    <parameter key="MainMicUseHPFilter" value="2"/>
                    <parameter key="MainMicOutputMode" value="0"/>
                    <parameter key="SubMicTargetLev" value="-3"/>
                    <parameter key="SubMicNoiseFloor" value="-40"/>
                    <parameter key="SubMicMaxGain" value="15"/>
                    <parameter key="SubMicMinGain" value="-40"/>
                    <parameter key="SubMicAdjustSpd" value="5"/>
                    <parameter key="SubMicImproveSNR" value="0"/>
                    <parameter key="SubMicBackGrdLev" value="-40"/>
                    <parameter key="SubMicSuppressRange" value="0"/>
                    <parameter key="SubMicUseHPFilter" value="2"/>
                    <parameter key="SubMicOutputMode" value="0"/>
                </algorithm>
                <algorithm name="RNR">
                    <parameter key="Enable" value="true" />
                    <parameter key="NoiseReduceMode" value="1" />
                    <parameter key="MaxNoiseReduceLevel" value="13" />
                    <parameter key="UseHighPassFilt" value="1" />
                    <parameter key="NoiseThreshold" value="-40" />
                    <parameter key="EnableNoiseBurst" value="1" />
                    <parameter key="VadThreshold" value="50" />
                </algorithm>
                <algorithm name="WNR">
                    <parameter key="Enable" value="false"/>
                    <parameter key="Mode" value="1"/>
                </algorithm>
                <algorithm name="STEREOENHANCEMENT">
                    <parameter key="Enable" value="false"/>
                    <parameter key="HPEhanceEnable" value="true"/>
                    <parameter key="HPGain" value="0.8"/>
                    <parameter key="MicDistance" value="139"/>
                    <parameter key="LeftChannelDelay" value="0"/>
                    <parameter key="RightChannelDelay" value="0"/>
                    <parameter key="MicChannelExchange" value="false"/>
                </algorithm>
            </device>
            <device input="*" output="*">
                <algorithm name="HDR">
                    <parameter key="Enable" value="false"/>
                    <parameter key="MainMicGainMindB" value="0"/>
                    <parameter key="MainMicGainMaxdB" value="36"/>
                    <parameter key="MainMicGainInitdB" value="32"/>
                    <parameter key="MainMicGainStepdB" value="2"/>
                    <parameter key="MainMicAttackTime" value="20"/>
                    <parameter key="MainMicReleaseTime" value="1300"/>
                    <parameter key="MainMicHdrFlag" value="1"/>
                    <parameter key="MainMicRecordMode" value="1"/>
                    <parameter key="SubMicGainMindB" value="0"/>
                    <parameter key="SubMicGainMaxdB" value="36"/>
                    <parameter key="SubMicGainInitdB" value="32"/>
                    <parameter key="SubMicGainStepdB" value="2"/>
                    <parameter key="SubMicAttackTime" value="20"/>
                    <parameter key="SubMicReleaseTime" value="1300"/>
                    <parameter key="SubMicHdrFlag" value="1"/>
                    <parameter key="SubMicRecordMode" value="1"/>
                </algorithm>
                <algorithm name="DR">
                    <parameter key="Enable" value="false"/>
                    <parameter key="MicDistance" value="160,30,150"/>
                </algorithm>
                <algorithm name="LDR">
                    <parameter key="Enable" value="false"/>
                    <parameter key="MainMicTargetLev" value="-3"/>
                    <parameter key="MainMicNoiseFloor" value="-40"/>
                    <parameter key="MainMicMaxGain" value="15"/>
                    <parameter key="MainMicMinGain" value="-40"/>
                    <parameter key="MainMicAdjustSpd" value="5"/>
                    <parameter key="MainMicImproveSNR" value="0"/>
                    <parameter key="MainMicBackGrdLev" value="-40"/>
                    <parameter key="MainMicSuppressRange" value="0"/>
                    <parameter key="MainMicUseHPFilter" value="2"/>
                    <parameter key="MainMicOutputMode" value="0"/>
                    <parameter key="SubMicTargetLev" value="-3"/>
                    <parameter key="SubMicNoiseFloor" value="-40"/>
                    <parameter key="SubMicMaxGain" value="15"/>
                    <parameter key="SubMicMinGain" value="-40"/>
                    <parameter key="SubMicAdjustSpd" value="5"/>
                    <parameter key="SubMicImproveSNR" value="0"/>
                    <parameter key="SubMicBackGrdLev" value="-40"/>
                    <parameter key="SubMicSuppressRange" value="0"/>
                    <parameter key="SubMicUseHPFilter" value="2"/>
                    <parameter key="SubMicOutputMode" value="0"/>
                </algorithm>
                <algorithm name="RNR">
                    <parameter key="Enable" value="true" />
                    <parameter key="NoiseReduceMode" value="1" />
                    <parameter key="MaxNoiseReduceLevel" value="14" />
                    <parameter key="UseHighPassFilt" value="1" />
                    <parameter key="NoiseThreshold" value="-45" />
                    <parameter key="EnableNoiseBurst" value="1" />
                    <parameter key="VadThreshold" value="50" />
                </algorithm>
                <algorithm name="WNR">
                    <parameter key="Enable" value="false"/>
                    <parameter key="Mode" value="1"/>
                </algorithm>
                <algorithm name="STEREOENHANCEMENT">
                    <parameter key="Enable" value="false"/>
                    <parameter key="HPEhanceEnable" value="true"/>
                    <parameter key="HPGain" value="0.8"/>
                    <parameter key="MicDistance" value="139"/>
                    <parameter key="LeftChannelDelay" value="0"/>
                    <parameter key="RightChannelDelay" value="0"/>
                    <parameter key="MicChannelExchange" value="false"/>
                </algorithm>
            </device>
        </scene>
        <scene name="meeting">
            <device input="in_builtin_mic" output="*">
                <algorithm name="HDR">
                    <parameter key="Enable" value="true"/>
                    <parameter key="MainMicGainMindB" value="0"/>
                    <parameter key="MainMicGainMaxdB" value="36"/>
                    <parameter key="MainMicGainInitdB" value="32"/>
                    <parameter key="MainMicGainStepdB" value="2"/>
                    <parameter key="MainMicAttackTime" value="20"/>
                    <parameter key="MainMicReleaseTime" value="1300"/>
                    <parameter key="MainMicHdrFlag" value="1"/>
                    <parameter key="MainMicRecordMode" value="1"/>
                    <parameter key="SubMicGainMindB" value="0"/>
                    <parameter key="SubMicGainMaxdB" value="36"/>
                    <parameter key="SubMicGainInitdB" value="32"/>
                    <parameter key="SubMicGainStepdB" value="2"/>
                    <parameter key="SubMicAttackTime" value="20"/>
                    <parameter key="SubMicReleaseTime" value="1300"/>
                    <parameter key="SubMicHdrFlag" value="1"/>
                    <parameter key="SubMicRecordMode" value="1"/>
                </algorithm>
                <algorithm name="DR">
                    <parameter key="Enable" value="false"/>
                    <parameter key="MicDistance" value="160,30,150"/>
                </algorithm>
                <algorithm name="LDR">
                    <parameter key="Enable" value="true"/>
                    <parameter key="MainMicTargetLev" value="-3"/>
                    <parameter key="MainMicNoiseFloor" value="-40"/>
                    <parameter key="MainMicMaxGain" value="15"/>
                    <parameter key="MainMicMinGain" value="-40"/>
                    <parameter key="MainMicAdjustSpd" value="5"/>
                    <parameter key="MainMicImproveSNR" value="0"/>
                    <parameter key="MainMicBackGrdLev" value="-40"/>
                    <parameter key="MainMicSuppressRange" value="0"/>
                    <parameter key="MainMicUseHPFilter" value="2"/>
                    <parameter key="MainMicOutputMode" value="0"/>
                    <parameter key="SubMicTargetLev" value="-3"/>
                    <parameter key="SubMicNoiseFloor" value="-40"/>
                    <parameter key="SubMicMaxGain" value="15"/>
                    <parameter key="SubMicMinGain" value="-40"/>
                    <parameter key="SubMicAdjustSpd" value="5"/>
                    <parameter key="SubMicImproveSNR" value="0"/>
                    <parameter key="SubMicBackGrdLev" value="-40"/>
                    <parameter key="SubMicSuppressRange" value="0"/>
                    <parameter key="SubMicUseHPFilter" value="2"/>
                    <parameter key="SubMicOutputMode" value="0"/>
                </algorithm>
                <algorithm name="RNR">
                    <parameter key="Enable" value="true" />
                    <parameter key="NoiseReduceMode" value="1" />
                    <parameter key="MaxNoiseReduceLevel" value="14" />
                    <parameter key="UseHighPassFilt" value="1" />
                    <parameter key="NoiseThreshold" value="-45" />
                    <parameter key="EnableNoiseBurst" value="1" />
                    <parameter key="VadThreshold" value="50" />
                </algorithm>
                <algorithm name="WNR">
                    <parameter key="Enable" value="false"/>
                    <parameter key="Mode" value="1"/>
                </algorithm>
                <algorithm name="STEREOENHANCEMENT">
                    <parameter key="Enable" value="true"/>
                    <parameter key="HPEhanceEnable" value="true"/>
                    <parameter key="HPGain" value="0.8"/>
                    <parameter key="MicDistance" value="139"/>
                    <parameter key="LeftChannelDelay" value="0"/>
                    <parameter key="RightChannelDelay" value="0"/>
                    <parameter key="MicChannelExchange" value="false"/>
                </algorithm>
            </device>
            <device input="*" output="*">
                <algorithm name="HDR">
                    <parameter key="Enable" value="false"/>
                    <parameter key="MainMicGainMindB" value="0"/>
                    <parameter key="MainMicGainMaxdB" value="36"/>
                    <parameter key="MainMicGainInitdB" value="32"/>
                    <parameter key="MainMicGainStepdB" value="2"/>
                    <parameter key="MainMicAttackTime" value="20"/>
                    <parameter key="MainMicReleaseTime" value="1300"/>
                    <parameter key="MainMicHdrFlag" value="1"/>
                    <parameter key="MainMicRecordMode" value="1"/>
                    <parameter key="SubMicGainMindB" value="0"/>
                    <parameter key="SubMicGainMaxdB" value="36"/>
                    <parameter key="SubMicGainInitdB" value="32"/>
                    <parameter key="SubMicGainStepdB" value="2"/>
                    <parameter key="SubMicAttackTime" value="20"/>
                    <parameter key="SubMicReleaseTime" value="1300"/>
                    <parameter key="SubMicHdrFlag" value="1"/>
                    <parameter key="SubMicRecordMode" value="1"/>
                </algorithm>
                <algorithm name="DR">
                    <parameter key="Enable" value="false"/>
                    <parameter key="MicDistance" value="160,30,150"/>
                </algorithm>
                <algorithm name="LDR">
                    <parameter key="Enable" value="false"/>
                    <parameter key="MainMicTargetLev" value="-3"/>
                    <parameter key="MainMicNoiseFloor" value="-40"/>
                    <parameter key="MainMicMaxGain" value="15"/>
                    <parameter key="MainMicMinGain" value="-40"/>
                    <parameter key="MainMicAdjustSpd" value="5"/>
                    <parameter key="MainMicImproveSNR" value="0"/>
                    <parameter key="MainMicBackGrdLev" value="-40"/>
                    <parameter key="MainMicSuppressRange" value="0"/>
                    <parameter key="MainMicUseHPFilter" value="2"/>
                    <parameter key="MainMicOutputMode" value="0"/>
                    <parameter key="SubMicTargetLev" value="-3"/>
                    <parameter key="SubMicNoiseFloor" value="-40"/>
                    <parameter key="SubMicMaxGain" value="15"/>
                    <parameter key="SubMicMinGain" value="-40"/>
                    <parameter key="SubMicAdjustSpd" value="5"/>
                    <parameter key="SubMicImproveSNR" value="0"/>
                    <parameter key="SubMicBackGrdLev" value="-40"/>
                    <parameter key="SubMicSuppressRange" value="0"/>
                    <parameter key="SubMicUseHPFilter" value="2"/>
                    <parameter key="SubMicOutputMode" value="0"/>
                </algorithm>
                <algorithm name="RNR">
                    <parameter key="Enable" value="true" />
                    <parameter key="NoiseReduceMode" value="1" />
                    <parameter key="MaxNoiseReduceLevel" value="14" />
                    <parameter key="UseHighPassFilt" value="1" />
                    <parameter key="NoiseThreshold" value="-45" />
                    <parameter key="EnableNoiseBurst" value="1" />
                    <parameter key="VadThreshold" value="50" />
                </algorithm>
                <algorithm name="WNR">
                    <parameter key="Enable" value="false"/>
                    <parameter key="Mode" value="1"/>
                </algorithm>
                <algorithm name="STEREOENHANCEMENT">
                    <parameter key="Enable" value="false"/>
                    <parameter key="HPEhanceEnable" value="true"/>
                    <parameter key="HPGain" value="0.8"/>
                    <parameter key="MicDistance" value="139"/>
                    <parameter key="LeftChannelDelay" value="0"/>
                    <parameter key="RightChannelDelay" value="0"/>
                    <parameter key="MicChannelExchange" value="false"/>
                </algorithm>
            </device>
        </scene>
        <scene name="interview">
            <device input="in_builtin_mic" output="*">
                <algorithm name="HDR">
                    <parameter key="Enable" value="true"/>
                    <parameter key="MainMicGainMindB" value="0"/>
                    <parameter key="MainMicGainMaxdB" value="36"/>
                    <parameter key="MainMicGainInitdB" value="32"/>
                    <parameter key="MainMicGainStepdB" value="2"/>
                    <parameter key="MainMicAttackTime" value="20"/>
                    <parameter key="MainMicReleaseTime" value="1300"/>
                    <parameter key="MainMicHdrFlag" value="1"/>
                    <parameter key="MainMicRecordMode" value="1"/>
                    <parameter key="SubMicGainMindB" value="0"/>
                    <parameter key="SubMicGainMaxdB" value="36"/>
                    <parameter key="SubMicGainInitdB" value="32"/>
                    <parameter key="SubMicGainStepdB" value="2"/>
                    <parameter key="SubMicAttackTime" value="20"/>
                    <parameter key="SubMicReleaseTime" value="1300"/>
                    <parameter key="SubMicHdrFlag" value="1"/>
                    <parameter key="SubMicRecordMode" value="1"/>
                </algorithm>
                <algorithm name="DR">
                    <parameter key="Enable" value="false"/>
                    <parameter key="MicDistance" value="160,30,150"/>
                </algorithm>
                <algorithm name="LDR">
                    <parameter key="Enable" value="false"/>
                    <parameter key="MainMicTargetLev" value="-3"/>
                    <parameter key="MainMicNoiseFloor" value="-40"/>
                    <parameter key="MainMicMaxGain" value="15"/>
                    <parameter key="MainMicMinGain" value="-40"/>
                    <parameter key="MainMicAdjustSpd" value="5"/>
                    <parameter key="MainMicImproveSNR" value="0"/>
                    <parameter key="MainMicBackGrdLev" value="-40"/>
                    <parameter key="MainMicSuppressRange" value="0"/>
                    <parameter key="MainMicUseHPFilter" value="2"/>
                    <parameter key="MainMicOutputMode" value="0"/>
                    <parameter key="SubMicTargetLev" value="-3"/>
                    <parameter key="SubMicNoiseFloor" value="-40"/>
                    <parameter key="SubMicMaxGain" value="15"/>
                    <parameter key="SubMicMinGain" value="-40"/>
                    <parameter key="SubMicAdjustSpd" value="5"/>
                    <parameter key="SubMicImproveSNR" value="0"/>
                    <parameter key="SubMicBackGrdLev" value="-40"/>
                    <parameter key="SubMicSuppressRange" value="0"/>
                    <parameter key="SubMicUseHPFilter" value="2"/>
                    <parameter key="SubMicOutputMode" value="0"/>
                </algorithm>
                <algorithm name="RNR">
                    <parameter key="Enable" value="true" />
                    <parameter key="NoiseReduceMode" value="1" />
                    <parameter key="MaxNoiseReduceLevel" value="15" />
                    <parameter key="UseHighPassFilt" value="1" />
                    <parameter key="NoiseThreshold" value="-40" />
                    <parameter key="EnableNoiseBurst" value="1" />
                    <parameter key="VadThreshold" value="50" />
                </algorithm>
                <algorithm name="WNR">
                    <parameter key="Enable" value="true"/>
                    <parameter key="Mode" value="1"/>
                </algorithm>
                <algorithm name="STEREOENHANCEMENT">
                    <parameter key="Enable" value="true"/>
                    <parameter key="HPEhanceEnable" value="true"/>
                    <parameter key="HPGain" value="0.8"/>
                    <parameter key="MicDistance" value="139"/>
                    <parameter key="LeftChannelDelay" value="0"/>
                    <parameter key="RightChannelDelay" value="0"/>
                    <parameter key="MicChannelExchange" value="false"/>
                </algorithm>
            </device>
            <device input="*" output="*">
                <algorithm name="HDR">
                    <parameter key="Enable" value="false"/>
                    <parameter key="MainMicGainMindB" value="0"/>
                    <parameter key="MainMicGainMaxdB" value="36"/>
                    <parameter key="MainMicGainInitdB" value="32"/>
                    <parameter key="MainMicGainStepdB" value="2"/>
                    <parameter key="MainMicAttackTime" value="20"/>
                    <parameter key="MainMicReleaseTime" value="1300"/>
                    <parameter key="MainMicHdrFlag" value="1"/>
                    <parameter key="MainMicRecordMode" value="1"/>
                    <parameter key="SubMicGainMindB" value="0"/>
                    <parameter key="SubMicGainMaxdB" value="36"/>
                    <parameter key="SubMicGainInitdB" value="32"/>
                    <parameter key="SubMicGainStepdB" value="2"/>
                    <parameter key="SubMicAttackTime" value="20"/>
                    <parameter key="SubMicReleaseTime" value="1300"/>
                    <parameter key="SubMicHdrFlag" value="1"/>
                    <parameter key="SubMicRecordMode" value="1"/>
                </algorithm>
                <algorithm name="DR">
                    <parameter key="Enable" value="false"/>
                    <parameter key="MicDistance" value="160,30,150"/>
                </algorithm>
                <algorithm name="LDR">
                    <parameter key="Enable" value="false"/>
                    <parameter key="MainMicTargetLev" value="-3"/>
                    <parameter key="MainMicNoiseFloor" value="-40"/>
                    <parameter key="MainMicMaxGain" value="15"/>
                    <parameter key="MainMicMinGain" value="-40"/>
                    <parameter key="MainMicAdjustSpd" value="5"/>
                    <parameter key="MainMicImproveSNR" value="0"/>
                    <parameter key="MainMicBackGrdLev" value="-40"/>
                    <parameter key="MainMicSuppressRange" value="0"/>
                    <parameter key="MainMicUseHPFilter" value="2"/>
                    <parameter key="MainMicOutputMode" value="0"/>
                    <parameter key="SubMicTargetLev" value="-3"/>
                    <parameter key="SubMicNoiseFloor" value="-40"/>
                    <parameter key="SubMicMaxGain" value="15"/>
                    <parameter key="SubMicMinGain" value="-40"/>
                    <parameter key="SubMicAdjustSpd" value="5"/>
                    <parameter key="SubMicImproveSNR" value="0"/>
                    <parameter key="SubMicBackGrdLev" value="-40"/>
                    <parameter key="SubMicSuppressRange" value="0"/>
                    <parameter key="SubMicUseHPFilter" value="2"/>
                    <parameter key="SubMicOutputMode" value="0"/>
                </algorithm>
                <algorithm name="RNR">
                    <parameter key="Enable" value="true" />
                    <parameter key="NoiseReduceMode" value="1" />
                    <parameter key="MaxNoiseReduceLevel" value="15" />
                    <parameter key="UseHighPassFilt" value="1" />
                    <parameter key="NoiseThreshold" value="-40" />
                    <parameter key="EnableNoiseBurst" value="1" />
                    <parameter key="VadThreshold" value="50" />
                </algorithm>
                <algorithm name="WNR">
                    <parameter key="Enable" value="false"/>
                    <parameter key="Mode" value="1"/>
                </algorithm>
                <algorithm name="STEREOENHANCEMENT">
                    <parameter key="Enable" value="false"/>
                    <parameter key="HPEhanceEnable" value="true"/>
                    <parameter key="HPGain" value="0.8"/>
                    <parameter key="MicDistance" value="139"/>
                    <parameter key="LeftChannelDelay" value="0"/>
                    <parameter key="RightChannelDelay" value="0"/>
                    <parameter key="MicChannelExchange" value="false"/>
                </algorithm>
            </device>
        </scene>
        <scene name="music">
            <device input="in_builtin_mic" output="*">
                <algorithm name="HDR">
                    <parameter key="Enable" value="true"/>
                    <parameter key="MainMicGainMindB" value="0"/>
                    <parameter key="MainMicGainMaxdB" value="36"/>
                    <parameter key="MainMicGainInitdB" value="32"/>
                    <parameter key="MainMicGainStepdB" value="2"/>
                    <parameter key="MainMicAttackTime" value="20"/>
                    <parameter key="MainMicReleaseTime" value="1300"/>
                    <parameter key="MainMicHdrFlag" value="1"/>
                    <parameter key="MainMicRecordMode" value="1"/>
                    <parameter key="SubMicGainMindB" value="0"/>
                    <parameter key="SubMicGainMaxdB" value="36"/>
                    <parameter key="SubMicGainInitdB" value="32"/>
                    <parameter key="SubMicGainStepdB" value="2"/>
                    <parameter key="SubMicAttackTime" value="20"/>
                    <parameter key="SubMicReleaseTime" value="1300"/>
                    <parameter key="SubMicHdrFlag" value="1"/>
                    <parameter key="SubMicRecordMode" value="1"/>
                </algorithm>
                <algorithm name="DR">
                    <parameter key="Enable" value="false"/>
                    <parameter key="MicDistance" value="160,30,150"/>
                </algorithm>
                <algorithm name="LDR">
                    <parameter key="Enable" value="false"/>
                    <parameter key="MainMicTargetLev" value="-3"/>
                    <parameter key="MainMicNoiseFloor" value="-40"/>
                    <parameter key="MainMicMaxGain" value="15"/>
                    <parameter key="MainMicMinGain" value="-40"/>
                    <parameter key="MainMicAdjustSpd" value="5"/>
                    <parameter key="MainMicImproveSNR" value="0"/>
                    <parameter key="MainMicBackGrdLev" value="-40"/>
                    <parameter key="MainMicSuppressRange" value="0"/>
                    <parameter key="MainMicUseHPFilter" value="2"/>
                    <parameter key="MainMicOutputMode" value="0"/>
                    <parameter key="SubMicTargetLev" value="-3"/>
                    <parameter key="SubMicNoiseFloor" value="-40"/>
                    <parameter key="SubMicMaxGain" value="15"/>
                    <parameter key="SubMicMinGain" value="-40"/>
                    <parameter key="SubMicAdjustSpd" value="5"/>
                    <parameter key="SubMicImproveSNR" value="0"/>
                    <parameter key="SubMicBackGrdLev" value="-40"/>
                    <parameter key="SubMicSuppressRange" value="0"/>
                    <parameter key="SubMicUseHPFilter" value="2"/>
                    <parameter key="SubMicOutputMode" value="0"/>
                </algorithm>
                <algorithm name="RNR">
                    <parameter key="Enable" value="true" />
                    <parameter key="NoiseReduceMode" value="0" />
                    <parameter key="MaxNoiseReduceLevel" value="10" />
                    <parameter key="UseHighPassFilt" value="0" />
                    <parameter key="NoiseThreshold" value="-55" />
                    <parameter key="EnableNoiseBurst" value="1" />
                    <parameter key="VadThreshold" value="53" />
                </algorithm>
                <algorithm name="WNR">
                    <parameter key="Enable" value="false"/>
                    <parameter key="Mode" value="1"/>
                </algorithm>
                <algorithm name="STEREOENHANCEMENT">
                    <parameter key="Enable" value="true"/>
                    <parameter key="HPEhanceEnable" value="true"/>
                    <parameter key="HPGain" value="0.8"/>
                    <parameter key="MicDistance" value="139"/>
                    <parameter key="LeftChannelDelay" value="0"/>
                    <parameter key="RightChannelDelay" value="0"/>
                    <parameter key="MicChannelExchange" value="false"/>
                </algorithm>
            </device>
            <device input="*" output="*">
                <algorithm name="HDR">
                    <parameter key="Enable" value="false"/>
                    <parameter key="MainMicGainMindB" value="0"/>
                    <parameter key="MainMicGainMaxdB" value="36"/>
                    <parameter key="MainMicGainInitdB" value="32"/>
                    <parameter key="MainMicGainStepdB" value="2"/>
                    <parameter key="MainMicAttackTime" value="20"/>
                    <parameter key="MainMicReleaseTime" value="1300"/>
                    <parameter key="MainMicHdrFlag" value="1"/>
                    <parameter key="MainMicRecordMode" value="1"/>
                    <parameter key="SubMicGainMindB" value="0"/>
                    <parameter key="SubMicGainMaxdB" value="36"/>
                    <parameter key="SubMicGainInitdB" value="32"/>
                    <parameter key="SubMicGainStepdB" value="2"/>
                    <parameter key="SubMicAttackTime" value="20"/>
                    <parameter key="SubMicReleaseTime" value="1300"/>
                    <parameter key="SubMicHdrFlag" value="1"/>
                    <parameter key="SubMicRecordMode" value="1"/>
                </algorithm>
                <algorithm name="LDR">
                    <parameter key="Enable" value="false"/>
                    <parameter key="MainMicTargetLev" value="-3"/>
                    <parameter key="MainMicNoiseFloor" value="-40"/>
                    <parameter key="MainMicMaxGain" value="15"/>
                    <parameter key="MainMicMinGain" value="-40"/>
                    <parameter key="MainMicAdjustSpd" value="5"/>
                    <parameter key="MainMicImproveSNR" value="0"/>
                    <parameter key="MainMicBackGrdLev" value="-40"/>
                    <parameter key="MainMicSuppressRange" value="0"/>
                    <parameter key="MainMicUseHPFilter" value="2"/>
                    <parameter key="MainMicOutputMode" value="0"/>
                    <parameter key="SubMicTargetLev" value="-3"/>
                    <parameter key="SubMicNoiseFloor" value="-40"/>
                    <parameter key="SubMicMaxGain" value="15"/>
                    <parameter key="SubMicMinGain" value="-40"/>
                    <parameter key="SubMicAdjustSpd" value="5"/>
                    <parameter key="SubMicImproveSNR" value="0"/>
                    <parameter key="SubMicBackGrdLev" value="-40"/>
                    <parameter key="SubMicSuppressRange" value="0"/>
                    <parameter key="SubMicUseHPFilter" value="2"/>
                    <parameter key="SubMicOutputMode" value="0"/>
                </algorithm>
                <algorithm name="RNR">
                    <parameter key="Enable" value="true" />
                    <parameter key="NoiseReduceMode" value="0" />
                    <parameter key="MaxNoiseReduceLevel" value="10" />
                    <parameter key="UseHighPassFilt" value="0" />
                    <parameter key="NoiseThreshold" value="-55" />
                    <parameter key="EnableNoiseBurst" value="1" />
                    <parameter key="VadThreshold" value="53" />
                </algorithm>
                <algorithm name="WNR">
                    <parameter key="Enable" value="false"/>
                    <parameter key="Mode" value="1"/>
                </algorithm>
                <algorithm name="STEREOENHANCEMENT">
                    <parameter key="Enable" value="false"/>
                    <parameter key="HPEhanceEnable" value="true"/>
                    <parameter key="HPGain" value="0.8"/>
                    <parameter key="MicDistance" value="139"/>
                    <parameter key="LeftChannelDelay" value="0"/>
                    <parameter key="RightChannelDelay" value="0"/>
                    <parameter key="MicChannelExchange" value="false"/>
                </algorithm>
            </device>
        </scene>
        <scene name="video">
            <device input="in_builtin_mic" output="*">
                <algorithm name="HDR">
                    <parameter key="Enable" value="true"/>
                    <parameter key="MainMicGainMindB" value="0"/>
                    <parameter key="MainMicGainMaxdB" value="36"/>
                    <parameter key="MainMicGainInitdB" value="36"/>
                    <parameter key="MainMicGainStepdB" value="2"/>
                    <parameter key="MainMicAttackTime" value="20"/>
                    <parameter key="MainMicReleaseTime" value="1300"/>
                    <parameter key="MainMicHdrFlag" value="1"/>
                    <parameter key="MainMicRecordMode" value="1"/>
                    <parameter key="SubMicGainMindB" value="0"/>
                    <parameter key="SubMicGainMaxdB" value="36"/>
                    <parameter key="SubMicGainInitdB" value="32"/>
                    <parameter key="SubMicGainStepdB" value="2"/>
                    <parameter key="SubMicAttackTime" value="20"/>
                    <parameter key="SubMicReleaseTime" value="1300"/>
                    <parameter key="SubMicHdrFlag" value="1"/>
                    <parameter key="SubMicRecordMode" value="1"/>
                </algorithm>
                <algorithm name="DR">
                    <parameter key="Enable" value="false"/>
                    <parameter key="MicDistance" value="160,30,150"/>
                </algorithm>
                <algorithm name="LDR">
                    <parameter key="Enable" value="false"/>
                    <parameter key="MainMicTargetLev" value="-3"/>
                    <parameter key="MainMicNoiseFloor" value="-40"/>
                    <parameter key="MainMicMaxGain" value="15"/>
                    <parameter key="MainMicMinGain" value="-40"/>
                    <parameter key="MainMicAdjustSpd" value="5"/>
                    <parameter key="MainMicImproveSNR" value="0"/>
                    <parameter key="MainMicBackGrdLev" value="-40"/>
                    <parameter key="MainMicSuppressRange" value="0"/>
                    <parameter key="MainMicUseHPFilter" value="2"/>
                    <parameter key="MainMicOutputMode" value="0"/>
                    <parameter key="SubMicTargetLev" value="-3"/>
                    <parameter key="SubMicNoiseFloor" value="-40"/>
                    <parameter key="SubMicMaxGain" value="15"/>
                    <parameter key="SubMicMinGain" value="-40"/>
                    <parameter key="SubMicAdjustSpd" value="5"/>
                    <parameter key="SubMicImproveSNR" value="0"/>
                    <parameter key="SubMicBackGrdLev" value="-40"/>
                    <parameter key="SubMicSuppressRange" value="0"/>
                    <parameter key="SubMicUseHPFilter" value="2"/>
                    <parameter key="SubMicOutputMode" value="0"/>
                </algorithm>
                <algorithm name="RNR">
                    <parameter key="Enable" value="true" />
                    <parameter key="NoiseReduceMode" value="0" />
                    <parameter key="MaxNoiseReduceLevel" value="10" />
                    <parameter key="UseHighPassFilt" value="0" />
                    <parameter key="NoiseThreshold" value="-55" />
                    <parameter key="EnableNoiseBurst" value="1" />
                    <parameter key="VadThreshold" value="53" />
                </algorithm>
                <algorithm name="WNR">
                    <parameter key="Enable" value="false"/>
                    <parameter key="Mode" value="1"/>
                </algorithm>
                <algorithm name="STEREOENHANCEMENT">
                    <parameter key="Enable" value="true"/>
                    <parameter key="HPEhanceEnable" value="true"/>
                    <parameter key="HPGain" value="0.8"/>
                    <parameter key="MicDistance" value="139"/>
                    <parameter key="LeftChannelDelay" value="0"/>
                    <parameter key="RightChannelDelay" value="0"/>
                    <parameter key="MicChannelExchange" value="true"/>
                </algorithm>
            </device>
            <device input="*" output="*">
                <algorithm name="HDR">
                    <parameter key="Enable" value="false"/>
                    <parameter key="MainMicGainMindB" value="0"/>
                    <parameter key="MainMicGainMaxdB" value="36"/>
                    <parameter key="MainMicGainInitdB" value="36"/>
                    <parameter key="MainMicGainStepdB" value="2"/>
                    <parameter key="MainMicAttackTime" value="20"/>
                    <parameter key="MainMicReleaseTime" value="1300"/>
                    <parameter key="MainMicHdrFlag" value="1"/>
                    <parameter key="MainMicRecordMode" value="1"/>
                    <parameter key="SubMicGainMindB" value="0"/>
                    <parameter key="SubMicGainMaxdB" value="36"/>
                    <parameter key="SubMicGainInitdB" value="32"/>
                    <parameter key="SubMicGainStepdB" value="2"/>
                    <parameter key="SubMicAttackTime" value="20"/>
                    <parameter key="SubMicReleaseTime" value="1300"/>
                    <parameter key="SubMicHdrFlag" value="1"/>
                    <parameter key="SubMicRecordMode" value="1"/>
                </algorithm>
                <algorithm name="DR">
                    <parameter key="Enable" value="false"/>
                    <parameter key="MicDistance" value="160,30,150"/>
                </algorithm>
                <algorithm name="LDR">
                    <parameter key="Enable" value="false"/>
                    <parameter key="MainMicTargetLev" value="-3"/>
                    <parameter key="MainMicNoiseFloor" value="-40"/>
                    <parameter key="MainMicMaxGain" value="15"/>
                    <parameter key="MainMicMinGain" value="-40"/>
                    <parameter key="MainMicAdjustSpd" value="5"/>
                    <parameter key="MainMicImproveSNR" value="0"/>
                    <parameter key="MainMicBackGrdLev" value="-40"/>
                    <parameter key="MainMicSuppressRange" value="0"/>
                    <parameter key="MainMicUseHPFilter" value="2"/>
                    <parameter key="MainMicOutputMode" value="0"/>
                    <parameter key="SubMicTargetLev" value="-3"/>
                    <parameter key="SubMicNoiseFloor" value="-40"/>
                    <parameter key="SubMicMaxGain" value="15"/>
                    <parameter key="SubMicMinGain" value="-40"/>
                    <parameter key="SubMicAdjustSpd" value="5"/>
                    <parameter key="SubMicImproveSNR" value="0"/>
                    <parameter key="SubMicBackGrdLev" value="-40"/>
                    <parameter key="SubMicSuppressRange" value="0"/>
                    <parameter key="SubMicUseHPFilter" value="2"/>
                    <parameter key="SubMicOutputMode" value="0"/>
                </algorithm>
                <algorithm name="RNR">
                    <parameter key="Enable" value="true" />
                    <parameter key="NoiseReduceMode" value="0" />
                    <parameter key="MaxNoiseReduceLevel" value="10" />
                    <parameter key="UseHighPassFilt" value="0" />
                    <parameter key="NoiseThreshold" value="-55" />
                    <parameter key="EnableNoiseBurst" value="1" />
                    <parameter key="VadThreshold" value="53" />
                </algorithm>
                <algorithm name="WNR">
                    <parameter key="Enable" value="false"/>
                    <parameter key="Mode" value="1"/>
                </algorithm>
                <algorithm name="STEREOENHANCEMENT">
                    <parameter key="Enable" value="false"/>
                    <parameter key="HPEhanceEnable" value="true"/>
                    <parameter key="HPGain" value="0.8"/>
                    <parameter key="MicDistance" value="139"/>
                    <parameter key="LeftChannelDelay" value="0"/>
                    <parameter key="RightChannelDelay" value="0"/>
                    <parameter key="MicChannelExchange" value="true"/>
                </algorithm>
            </device>
        </scene>
        <scene name="dir-rec">
            <device input="in_builtin_mic" output="*">
                <algorithm name="HDR">
                    <parameter key="Enable" value="true"/>
                    <parameter key="MainMicGainMindB" value="0"/>
                    <parameter key="MainMicGainMaxdB" value="36"/>
                    <parameter key="MainMicGainInitdB" value="32"/>
                    <parameter key="MainMicGainStepdB" value="2"/>
                    <parameter key="MainMicAttackTime" value="20"/>
                    <parameter key="MainMicReleaseTime" value="1300"/>
                    <parameter key="MainMicHdrFlag" value="1"/>
                    <parameter key="MainMicRecordMode" value="1"/>
                    <parameter key="SubMicGainMindB" value="0"/>
                    <parameter key="SubMicGainMaxdB" value="36"/>
                    <parameter key="SubMicGainInitdB" value="32"/>
                    <parameter key="SubMicGainStepdB" value="2"/>
                    <parameter key="SubMicAttackTime" value="20"/>
                    <parameter key="SubMicReleaseTime" value="1300"/>
                    <parameter key="SubMicHdrFlag" value="1"/>
                    <parameter key="SubMicRecordMode" value="1"/>
                </algorithm>
                <algorithm name="DR">
                    <parameter key="Enable" value="true"/>
                    <parameter key="MicDistance" value="160,30,150"/>
                </algorithm>
                <algorithm name="LDR">
                    <parameter key="Enable" value="true"/>
                    <parameter key="MainMicTargetLev" value="-3"/>
                    <parameter key="MainMicNoiseFloor" value="-40"/>
                    <parameter key="MainMicMaxGain" value="15"/>
                    <parameter key="MainMicMinGain" value="-40"/>
                    <parameter key="MainMicAdjustSpd" value="5"/>
                    <parameter key="MainMicImproveSNR" value="0"/>
                    <parameter key="MainMicBackGrdLev" value="-40"/>
                    <parameter key="MainMicSuppressRange" value="0"/>
                    <parameter key="MainMicUseHPFilter" value="2"/>
                    <parameter key="MainMicOutputMode" value="0"/>
                    <parameter key="SubMicTargetLev" value="-3"/>
                    <parameter key="SubMicNoiseFloor" value="-40"/>
                    <parameter key="SubMicMaxGain" value="15"/>
                    <parameter key="SubMicMinGain" value="-40"/>
                    <parameter key="SubMicAdjustSpd" value="5"/>
                    <parameter key="SubMicImproveSNR" value="0"/>
                    <parameter key="SubMicBackGrdLev" value="-40"/>
                    <parameter key="SubMicSuppressRange" value="0"/>
                    <parameter key="SubMicUseHPFilter" value="2"/>
                    <parameter key="SubMicOutputMode" value="0"/>
                </algorithm>
                <algorithm name="RNR">
                    <parameter key="Enable" value="true" />
                    <parameter key="NoiseReduceMode" value="1" />
                    <parameter key="MaxNoiseReduceLevel" value="14" />
                    <parameter key="UseHighPassFilt" value="1" />
                    <parameter key="NoiseThreshold" value="-45" />
                    <parameter key="EnableNoiseBurst" value="1" />
                    <parameter key="VadThreshold" value="50" />
                </algorithm>
                <algorithm name="WNR">
                    <parameter key="Enable" value="false"/>
                    <parameter key="Mode" value="1"/>
                </algorithm>
                <algorithm name="STEREOENHANCEMENT">
                    <parameter key="Enable" value="false"/>
                    <parameter key="HPEhanceEnable" value="true"/>
                    <parameter key="HPGain" value="0.8"/>
                    <parameter key="MicDistance" value="139"/>
                    <parameter key="LeftChannelDelay" value="0"/>
                    <parameter key="RightChannelDelay" value="0"/>
                    <parameter key="MicChannelExchange" value="false"/>
                </algorithm>
            </device>
            <device input="*" output="*">
                <algorithm name="HDR">
                    <parameter key="Enable" value="false"/>
                    <parameter key="MainMicGainMindB" value="0"/>
                    <parameter key="MainMicGainMaxdB" value="36"/>
                    <parameter key="MainMicGainInitdB" value="32"/>
                    <parameter key="MainMicGainStepdB" value="2"/>
                    <parameter key="MainMicAttackTime" value="20"/>
                    <parameter key="MainMicReleaseTime" value="1300"/>
                    <parameter key="MainMicHdrFlag" value="1"/>
                    <parameter key="MainMicRecordMode" value="1"/>
                    <parameter key="SubMicGainMindB" value="0"/>
                    <parameter key="SubMicGainMaxdB" value="36"/>
                    <parameter key="SubMicGainInitdB" value="32"/>
                    <parameter key="SubMicGainStepdB" value="2"/>
                    <parameter key="SubMicAttackTime" value="20"/>
                    <parameter key="SubMicReleaseTime" value="1300"/>
                    <parameter key="SubMicHdrFlag" value="1"/>
                    <parameter key="SubMicRecordMode" value="1"/>
                </algorithm>
                <algorithm name="DR">
                    <parameter key="Enable" value="false"/>
                    <parameter key="MicDistance" value="160,30,150"/>
                </algorithm>
                <algorithm name="LDR">
                    <parameter key="Enable" value="false"/>
                    <parameter key="MainMicTargetLev" value="-3"/>
                    <parameter key="MainMicNoiseFloor" value="-40"/>
                    <parameter key="MainMicMaxGain" value="15"/>
                    <parameter key="MainMicMinGain" value="-40"/>
                    <parameter key="MainMicAdjustSpd" value="5"/>
                    <parameter key="MainMicImproveSNR" value="0"/>
                    <parameter key="MainMicBackGrdLev" value="-40"/>
                    <parameter key="MainMicSuppressRange" value="0"/>
                    <parameter key="MainMicUseHPFilter" value="2"/>
                    <parameter key="MainMicOutputMode" value="0"/>
                    <parameter key="SubMicTargetLev" value="-3"/>
                    <parameter key="SubMicNoiseFloor" value="-40"/>
                    <parameter key="SubMicMaxGain" value="15"/>
                    <parameter key="SubMicMinGain" value="-40"/>
                    <parameter key="SubMicAdjustSpd" value="5"/>
                    <parameter key="SubMicImproveSNR" value="0"/>
                    <parameter key="SubMicBackGrdLev" value="-40"/>
                    <parameter key="SubMicSuppressRange" value="0"/>
                    <parameter key="SubMicUseHPFilter" value="2"/>
                    <parameter key="SubMicOutputMode" value="0"/>
                </algorithm>
                <algorithm name="RNR">
                    <parameter key="Enable" value="false" />
                    <parameter key="NoiseReduceMode" value="1" />
                    <parameter key="MaxNoiseReduceLevel" value="14" />
                    <parameter key="UseHighPassFilt" value="1" />
                    <parameter key="NoiseThreshold" value="-45" />
                    <parameter key="EnableNoiseBurst" value="1" />
                    <parameter key="VadThreshold" value="50" />
                </algorithm>
                <algorithm name="WNR">
                    <parameter key="Enable" value="false"/>
                    <parameter key="Mode" value="1"/>
                </algorithm>
                <algorithm name="STEREOENHANCEMENT">
                    <parameter key="Enable" value="false"/>
                    <parameter key="HPEhanceEnable" value="true"/>
                    <parameter key="HPGain" value="0.8"/>
                    <parameter key="MicDistance" value="139"/>
                    <parameter key="LeftChannelDelay" value="0"/>
                    <parameter key="RightChannelDelay" value="0"/>
                    <parameter key="MicChannelExchange" value="false"/>
                </algorithm>
            </device>
        </scene>
    </preprocessing>
</algorithm-settings>