<?xml version='1.0' encoding='utf-8' standalone='yes' ?>
<map>
    <string name="viper4android.headphonefx.outvol">100</string>
    <boolean name="viper4android.headphonefx.viperddc.enable" value="true" />
    <boolean name="viper4android.headphonefx.playbackgain.enable" value="false" />
    <string name="viper4android.headphonefx.fireq.custom">4.0;4.0;3.25;1.0;0.0;0.0;-1.0;-0.5;2.0;3.5;</string>
    <string name="viper4android.headphonefx.diffsurr.delay">500</string>
    <string name="viper4android.headphonefx.fidelity.clarity.gain">50</string>
    <string name="viper4android.headphonefx.fidelity.bass.mode">0</string>
    <string name="viper4android.headphonefx.dynamicsystem.bass">33</string>
    <boolean name="viper4android.headphonefx.vse.enable" value="false" />
    <string name="viper4android.headphonefx.playbackgain.maxscaler">400</string>
    <string name="viper4android.headphonefx.reverb.roomwidth">0</string>
    <string name="viper4android.ddcblock.FILE:shalom.vdc">1.006678,-1.986766,0.980744,1.986766,-0.987423,1.007062,-1.952296,0.950199,1.952296,-0.957260,1.028372,-1.602107,0.732117,1.602107,-0.760489,1.063385,-1.174307,0.725822,1.174307,-0.789207,1.008435,-1.981517,0.973245,1.981517,-0.981680,1.002888,-1.990223,0.987626,1.990223,-0.990514,1.041210,-1.130043,0.554074,1.130043,-0.595284,1.002537,-1.991521,0.989793,1.991521,-0.992330,1.012223,-1.915258,0.947621,1.915258,-0.959844,1.050399,-0.503447,0.719016,0.503447,-0.769415,1.006139,-1.987884,0.982300,1.987884,-0.988439,1.006499,-1.956467,0.954166,1.956467,-0.960665,1.026318,-1.642498,0.751509,1.642498,-0.777827,1.058725,-1.276120,0.745980,1.276120,-0.804706,1.007756,-1.983019,0.975401,1.983019,-0.983156,1.002654,-1.991036,0.988627,1.991036,-0.991281,1.038470,-1.219631,0.583726,1.219631,-0.622196,1.002332,-1.992268,0.990619,1.992268,-0.992951,1.011248,-1.925327,0.951798,1.925327,-0.963047,1.046726,-0.683558,0.739498,0.683558,-0.786223</string>
    <boolean name="viper4android.headphonefx.fidelity.clarity.enable" value="true" />
    <string name="viper4android.headphonefx.dynamicsystem.coeffs">1000;6200;60;120;0;0</string>
    <string name="viper4android.headphonefx.colorfulmusic.midimage">150</string>
    <string name="viper4android.headphonefx.fidelity.clarity.mode">0</string>
    <boolean name="viper4android.headphonefx.convolver.enable" value="false" />
    <string name="viper4android.headphonefx.playbackgain.ratio">100</string>
    <string name="viper4android.headphonefx.vhs.qual">0</string>
    <string name="viper4android.headphonefx.fireq">4.0;4.0;3.25;1.0;0.0;0.0;-1.0;-0.5;2.0;3.5;</string>
    <string name="viper4android.headphonefx.viperddc.device">FILE:V4ARISE.vdc</string>
    <string name="viper4android.headphonefx.convolver.crosschannel">0</string>
    <string name="viper4android.headphonefx.reverb.dry">50</string>
    <string name="viper4android.headphonefx.convolver.kernel">/storage/emulated/legacy/ViPER4Android/Kernel/Apple iPod ((48k Z-Edition)) 04.Classical.irs</string>
    <string name="viper4android.ddcblock.FILE:V4ARISE.vdc">1.000633,-1.997431,0.996817,1.997431,-0.997450,1.001632,-1.995113,0.993559,1.995113,-0.995191,1.003658,-1.990285,0.986943,1.990285,-0.990601,1.005057,-1.978364,0.974562,1.978364,-0.979619,1.004257,-1.949878,0.950579,1.949878,-0.954836,1.005540,-1.889851,0.903656,1.889851,-0.909196,1.037780,-1.773225,0.809954,1.773225,-0.847734,1.091536,-1.456834,0.638768,1.456834,-0.730303,1.182194,-0.639942,0.349610,0.639942,-0.531804,1.215712,0.735953,-0.085106,-0.735953,-0.130606,1.000581,-1.997641,0.997076,1.997641,-0.997657,1.001500,-1.995515,0.994081,1.995515,-0.995581,1.003362,-1.991095,0.987999,1.991095,-0.991361,1.004650,-1.980199,0.976610,1.980199,-0.981260,1.003918,-1.954236,0.954512,1.954236,-0.958430,1.005109,-1.899873,0.911158,1.899873,-0.916267,1.034924,-1.795894,0.824323,1.795894,-0.859246,1.085002,-1.515158,0.664552,1.515158,-0.749554,1.170342,-0.781130,0.391918,0.781130,-0.562260,1.198262,0.600468,0.002673,-0.600468,-0.200935</string>
    <boolean name="viper4android.headphonefx.fidelity.bass.enable" value="true" />
    <string name="viper4android.headphonefx.fidelity.bass.freq">60</string>
    <boolean name="viper4android.headphonefx.vhs.enable" value="false" />
    <boolean name="viper4android.headphonefx.dynamicsystem.enable" value="true" />
    <string name="viper4android.ddcblock.FILE:Percocet.vdc">1.028121,-1.747942,0.719908,1.747942,-0.748029,1.039093,-0.949624,-0.087055,0.949624,0.047962,1.123326,-0.393166,-0.716866,0.393166,0.593541,1.390071,-0.255547,-1.109261,0.255547,0.719190,1.175125,-0.107412,-1.033199,0.107412,0.858073,0.874041,-0.591006,0.704186,0.591006,-0.578226,1.026103,-1.766034,0.740005,1.766034,-0.766108,1.037508,-0.992406,-0.042972,0.992406,0.005464,1.121035,-0.424011,-0.684976,0.424011,0.563941,1.384566,-0.281850,-1.079494,0.281850,0.694928,1.173524,-0.126078,-1.014606,0.126078,0.841082,0.882298,-0.741945,0.723577,0.741945,-0.605875</string>
    <string name="viper4android.headphonefx.fidelity.bass.gain">100</string>
    <string name="viper4android.headphonefx.colorfulmusic.coeffs">120;200</string>
    <string name="viper4android.headphonefx.reverb.damp">0</string>
    <string name="viper4android.headphonefx.reverb.roomsize">0</string>
    <string name="viper4android.headphonefx.limiter">100</string>
    <string name="viper4android.headphonefx.channelpan">0</string>
    <string name="viper4android.headphonefx.playbackgain.volume">80</string>
    <boolean name="viper4android.headphonefx.enable" value="true" />
    <boolean name="viper4android.headphonefx.fireq.enable" value="false" />
    <boolean name="viper4android.headphonefx.cure.enable" value="false" />
    <string name="viper4android.headphonefx.reverb.wet">0</string>
    <string name="viper4android.headphonefx.cure.crossfeed">1</string>
    <string name="viper4android.headphonefx.vse.value">1.0</string>
</map>
